ID,question,answer
5905FxXz9dI_30_000-40_000.wav,Does this audio indicate the presence of cough?,No
68NBE04Mlws_140_000-150_000.wav,Does this audio indicate the presence of speech?,yes
707CXFQe114_0_000-10_000.wav,Does this audio indicate the presence of sneeze?,no
A5LNrdkqYlw_170_000-180_000.wav,Does this audio indicate the presence of cough?,no
ddUS4K1-v48_10_000-20_000.wav,Does this audio indicate the presence of throat-clearing?,no
dFsBHaRghCU_30_000-40_000.wav,Does this audio indicate the presence of sneeze?,yes
dmhmAfqxL7M_40_000-50_000.wav,Does this audio indicate the presence of silence?,yes
dMnSld05oUU_10_000-20_000.wav,Does this audio indicate the presence of silence?,yes
DOGlFJ8LIhY_20_000-30_000.wav,Does this audio indicate the presence of throat-clearing?,no
DpXBWHg2O84_220_000-230_000.wav,Does this audio indicate the presence of cough?,No
DqA9RP4jBYE_0_000-10_000.wav,Does this audio indicate the presence of cough?,no
dQhu7oGeQNQ_17_000-27_000.wav,Does this audio indicate the presence of cough?,no
dRsxH6oedM4_100_000-110_000.wav,Does this audio indicate the presence of cough?,no
dtuhGj7owcg_0_000-10_000.wav,Does this audio indicate the presence of sneeze?,no
dU5HKK7V3wk_30_000-40_000.wav,Does this audio indicate the presence of breathe?,yes
Dua7mYA_yo4_3_000-13_000.wav,Does this audio indicate the presence of sniffle?,no
dUFlhQxWr5E_120_000-130_000.wav,Does this audio indicate the presence of cough?,yes
dvfNeive9Vs_10_000-20_000.wav,Does this audio indicate the presence of speech?,yes
dWkml_CdR5w_270_000-280_000.wav,Does this audio indicate the presence of speech?,no
dxlAZzCDkMc_20_000-30_000.wav,Does this audio indicate the presence of sniffle?,no
DYy-2zWKGVU_100_000-110_000.wav,Does this audio indicate the presence of silence?,yes
e12okVS6iCQ_17_000-27_000.wav,Does this audio indicate the presence of sneeze?,yes
e35sr6gOG9A_170_000-180_000.wav,Does this audio indicate the presence of cough?,yes
E4oZcZnb2Y0_80_000-90_000.wav,Does this audio indicate the presence of throat-clearing?,no
E9P8A5Rvtzk_0_000-10_000.wav,Does this audio indicate the presence of cough?,no
Ebl4NBkvH8Q_0_000-10_000.wav,Does this audio indicate the presence of throat-clearing?,no
EDr63MyYXYQ_10_000-20_000.wav,Does this audio indicate the presence of silence?,yes
eeGCmxvc6Us_60_000-70_000.wav,Does this audio indicate the presence of cough?,yes
EFLSw2wF1hc_50_000-60_000.wav,Does this audio indicate the presence of speech?,no
eFMExkx5v0Y_30_000-40_000.wav,Does this audio indicate the presence of throat-clearing?,no
Eg5qpG8obiI_410_000-420_000.wav,Does this audio indicate the presence of cough?,no
EHkBirU0gt4_340_000-350_000.wav,Does this audio indicate the presence of throat-clearing?,no
EI0puXPHHp0_30_000-40_000.wav,Does this audio indicate the presence of sniffle?,no
EksYlo1IXU0_340_000-350_000.wav,Does this audio indicate the presence of sneeze?,no
eL4TsYpwgAE_50_000-60_000.wav,Does this audio indicate the presence of sniffle?,no
eMFdwCv72T8_0_000-10_000.wav,Does this audio indicate the presence of cough?,No
eN5WDfSUvLQ_0_000-10_000.wav,Does this audio indicate the presence of speech?,yes
EoKHnNIjUCI_0_000-10_000.wav,Does this audio indicate the presence of speech?,no
eOxI9f9gvqo_0_000-10_000.wav,Does this audio indicate the presence of silence?,yes
EqG_E-eFov4_30_000-40_000.wav,Does this audio indicate the presence of silence?,yes
EQzYcBJ1Dec_100_000-110_000.wav,Does this audio indicate the presence of silence?,yes
Eq_VLzVJSIo_0_000-10_000.wav,Does this audio indicate the presence of sneeze?,no
EXHDkrFsA1A_60_000-70_000.wav,Does this audio indicate the presence of sneeze?,no
EY9WIUNU1qw_0_000-10_000.wav,Does this audio indicate the presence of cough?,no
F-UE7JLiEls_10_000-20_000.wav,Does this audio indicate the presence of silence?,yes
F3rdEV9lFdo_110_000-120_000.wav,Does this audio indicate the presence of sneeze?,yes
F8621NqQTUQ_120_000-130_000.wav,Does this audio indicate the presence of cough?,No
f8GAvKPNK8Y_20_000-30_000.wav,Does this audio indicate the presence of sneeze?,no
fDlIO__7vv0.wav,Does this audio indicate the presence of cough?,No
Fe_a7cS9LKg_430_000-440_000.wav,Does this audio indicate the presence of sneeze?,yes
Ff6rl7oz9kU_30_000-40_000.wav,Does this audio indicate the presence of cough?,No
ffRSeubjW-E_50_000-60_000.wav,Does this audio indicate the presence of speech?,yes
ffzr5De6ih0_20_000-30_000.wav,Does this audio indicate the presence of cough?,No
fIer0uCLqSM.wav,Does this audio indicate the presence of sneeze?,yes
fIvj2yZLcVg_40_000-50_000.wav,Does this audio indicate the presence of sneeze?,yes
fjaiGld-EWg_270_000-280_000.wav,Does this audio indicate the presence of silence?,yes
fJMcXN1UK9o_170_000-180_000.wav,Does this audio indicate the presence of speech?,no
FJYGjDZc86c_180_000-190_000.wav,Does this audio indicate the presence of silence?,yes
fkRg0axc_8U_20_000-30_000.wav,Does this audio indicate the presence of sniffle?,no
fLGJTNMY1p0_200_000-210_000.wav,Does this audio indicate the presence of throat-clearing?,no
FnA9n5Fy6xU_0_000-10_000.wav,Does this audio indicate the presence of cough?,no
fn_GWKXX0BY_100_000-110_000.wav,Does this audio indicate the presence of cough?,yes
ForlLmlrpXA_70_000-80_000.wav,Does this audio indicate the presence of cough?,no
FP5BcltzMlo_10_000-20_000.wav,Does this audio indicate the presence of silence?,yes
FpuF3uuV1U0_7_000-17_000.wav,Does this audio indicate the presence of sneeze?,yes
Fq_Dy9nMzHk_110_000-120_000.wav,Does this audio indicate the presence of sniffle?,no
fUBBh2iVC9U_210_000-220_000.wav,Does this audio indicate the presence of cough?,yes
func5eFFfQM_30_000-40_000.wav,Does this audio indicate the presence of throat-clearing?,yes
FuViqr6l2pU_20_000-30_000.wav,Does this audio indicate the presence of speech?,no
FvvtH4qSZKg_20_000-30_000.wav,Does this audio indicate the presence of sniffle?,yes
fVY2s4FU_pI_200_000-210_000.wav,Does this audio indicate the presence of speech?,yes
fXac_vRdFmU_10_000-20_000.wav,Does this audio indicate the presence of cough?,no
FZly4XoX_uE_170_000-180_000.wav,Does this audio indicate the presence of cough?,No
f_EcSxLmBno_11_000-21_000.wav,Does this audio indicate the presence of silence?,yes
G0BcR_SYQ4A_3_000-13_000.wav,Does this audio indicate the presence of sneeze?,no
G0fUcGxDHds_280_000-290_000.wav,Does this audio indicate the presence of cough?,No
g0l8ArPOTvA_90_000-100_000.wav,Does this audio indicate the presence of cough?,no
G76c9kIiKJw_30_000-40_000.wav,Does this audio indicate the presence of throat-clearing?,no
g7GsE05rPqQ_20_000-30_000.wav,Does this audio indicate the presence of cough?,no
G8RVnKABX3s_30_000-40_000.wav,Does this audio indicate the presence of sniffle?,no
g9djYQ-q9T0_30_000-40_000.wav,Does this audio indicate the presence of sneeze?,no
g9EGM-c3TbI_0_000-10_000.wav,Does this audio indicate the presence of throat-clearing?,no
GAUzQ8YHZSc_130_000-140_000.wav,Does this audio indicate the presence of silence?,yes
gBAhZhmhU6g_0_000-10_000.wav,Does this audio indicate the presence of cough?,no
gbbjGQnv7jI_0_000-10_000.wav,Does this audio indicate the presence of sniffle?,no
GbD3F5S_4cQ_160_000-170_000.wav,Does this audio indicate the presence of throat-clearing?,no
GBmLWnjHIvU_130_000-140_000.wav,Does this audio indicate the presence of speech?,yes
GCUK7s5QsNc_40_000-50_000.wav,Does this audio indicate the presence of sniffle?,no
gCYap0uxGjE_10_000-20_000.wav,Does this audio indicate the presence of sneeze?,no
gDBxxY2VWy8_0_000-10_000.wav,Does this audio indicate the presence of throat-clearing?,no
GEZfs1Jq7KI_460_000-470_000.wav,Does this audio indicate the presence of sniffle?,no
gf4x4wChQJ0_20_000-30_000.wav,Does this audio indicate the presence of speech?,yes
gFtJiTh6EM8_20_000-30_000.wav,Does this audio indicate the presence of silence?,yes
GgapMUN222Q_90_000-100_000.wav,Does this audio indicate the presence of cough?,no
gGp5LaM7DUs_40_000-50_000.wav,Does this audio indicate the presence of speech?,no
gGwKjVmOdok_10_000-20_000.wav,Does this audio indicate the presence of cough?,yes
GHlEKCM-p9w_17_000-27_000.wav,Does this audio indicate the presence of cough?,no
gk6_0RcFc0A_10_000-20_000.wav,Does this audio indicate the presence of throat-clearing?,no
Gk7SshHndEw_0_000-10_000.wav,Does this audio indicate the presence of sniffle?,no
gljc73BfR-I_30_000-40_000.wav,Does this audio indicate the presence of cough?,no
gM4vFz4Zxtk_20_000-30_000.wav,Does this audio indicate the presence of speech?,yes
GNhSvIOe4m4_0_000-10_000.wav,Does this audio indicate the presence of cough?,yes
Gomf_A45vmE_170_000-180_000.wav,Does this audio indicate the presence of silence?,yes
GOTpllAaJe4_0_000-10_000.wav,Does this audio indicate the presence of silence?,yes
GP5IqOTtB34_0_000-10_000.wav,Does this audio indicate the presence of sniffle?,no
GQ8QdFix5Do_20_000-30_000.wav,Does this audio indicate the presence of speech?,yes
GUe7-6bPe_s_1_000-11_000.wav,Does this audio indicate the presence of sneeze?,yes
gus1GHeS7IE_0_000-10_000.wav,Does this audio indicate the presence of speech?,yes
gvGLttTUjDM_170_000-180_000.wav,Does this audio indicate the presence of cough?,no
Gvt1_XWFasM_0_000-10_000.wav,Does this audio indicate the presence of silence?,yes
GwBcbAsgJa8_100_000-110_000.wav,Does this audio indicate the presence of cough?,no
GwitHkHlTJU_190_000-200_000.wav,Does this audio indicate the presence of silence?,yes
GXLEKU6K1uI_40_000-50_000.wav,Does this audio indicate the presence of speech?,yes
gyF_tG0M9cM_10_000-20_000.wav,Does this audio indicate the presence of sniffle?,no
gZksfKZ-YGw_0_000-10_000.wav,Does this audio indicate the presence of speech?,yes
H09kOHdxay8_210_000-220_000.wav,Does this audio indicate the presence of cough?,no
h2ZgzMe6pqc_60_000-70_000.wav,Does this audio indicate the presence of cough?,no
h31q1F4HeD4_50_000-60_000.wav,Does this audio indicate the presence of cough?,yes
H6dwenCqdq4_280_000-290_000.wav,Does this audio indicate the presence of cough?,yes
H7h37j9fiBc_40_000-50_000.wav,Does this audio indicate the presence of sniffle?,no
h8D0rjoXQMY_70_000-80_000.wav,Does this audio indicate the presence of cough?,yes
H9LVTHn93xI_240_000-250_000.wav,Does this audio indicate the presence of sniffle?,yes
HAfXAoYSPUY_290_000-300_000.wav,Does this audio indicate the presence of throat-clearing?,no
hd2yDnpnkUU_100_000-110_000.wav,Does this audio indicate the presence of silence?,yes
hdjEGRZDKEk_0_000-10_000.wav,Does this audio indicate the presence of silence?,yes
hDqlvsbStSU_0_000-10_000.wav,Does this audio indicate the presence of sneeze?,no
HEKKh5yZ1s8_200_000-210_000.wav,Does this audio indicate the presence of cough?,No
HG594BCWfSc_0_000-10_000.wav,Does this audio indicate the presence of speech?,yes
hgV30bUekek_0_000-10_000.wav,Does this audio indicate the presence of speech?,yes
hHZDpZecn_0_10_000-20_000.wav,Does this audio indicate the presence of speech?,yes
HiiTmKGGg8g_7_000-17_000.wav,Does this audio indicate the presence of sneeze?,no
hIN-LwWLuyM_80_000-90_000.wav,Does this audio indicate the presence of cough?,yes
hkcxCXz_m5s_40_000-50_000.wav,Does this audio indicate the presence of cough?,yes
HKTZ-GafNPg_10_000-20_000.wav,Does this audio indicate the presence of cough?,yes
HkyIJ52qIRU_20_000-30_000.wav,Does this audio indicate the presence of sneeze?,no
HLxIwN7KAks_20_000-30_000.wav,Does this audio indicate the presence of sniffle?,no
hmDLx9kgdo8_30_000-40_000.wav,Does this audio indicate the presence of sneeze?,no
HMnF8n9c5-Y.wav,Does this audio indicate the presence of cough?,no
hNysx-WNVzY_160_000-170_000.wav,Does this audio indicate the presence of cough?,no
hovQK26tr5U_120_000-130_000.wav,Does this audio indicate the presence of sniffle?,no
hQMkT2YEnNA.wav,Does this audio indicate the presence of throat-clearing?,no
hqtGOGfZaOI_30_000-40_000.wav,Does this audio indicate the presence of cough?,no
hW4KM7BUe7w_40_000-50_000.wav,Does this audio indicate the presence of sneeze?,no
hwUSReA7JOc_20_000-30_000.wav,Does this audio indicate the presence of speech?,no
hyXmrD82hLU_210_000-220_000.wav,Does this audio indicate the presence of speech?,yes
I4yobh5UfGA_0_000-5_000.wav,Does this audio indicate the presence of silence?,yes
I8Af3ncHGJU_170_000-180_000.wav,Does this audio indicate the presence of sniffle?,yes
i8g4jROxGeM_430_000-440_000.wav,Does this audio indicate the presence of silence?,yes
IAUOYg9aPUM_160_000-170_000.wav,Does this audio indicate the presence of speech?,yes
IBcyqQ_MI4Y_40_000-50_000.wav,Does this audio indicate the presence of cough?,yes
iBWk_JObbbM_0_000-10_000.wav,Does this audio indicate the presence of speech?,yes
iDx8Q861iio_14_000-24_000.wav,Does this audio indicate the presence of sniffle?,no
id_6_rwM_j4_0_000-10_000.wav,Does this audio indicate the presence of silence?,yes
iEFUSZ4sQeY_20_000-30_000.wav,Does this audio indicate the presence of sneeze?,no
IE_6K-ZfI64_10_000-20_000.wav,Does this audio indicate the presence of cough?,yes
iFkPdioXnCQ_40_000-50_000.wav,Does this audio indicate the presence of cough?,No
IfShh9nos4s_0_000-10_000.wav,Does this audio indicate the presence of speech?,no
Ig1BY5XogIc_40_000-50_000.wav,Does this audio indicate the presence of silence?,yes
igk8O6OfwdQ_90_000-100_000.wav,Does this audio indicate the presence of sneeze?,no
iHJoLgjAZPE_40_000-50_000.wav,Does this audio indicate the presence of cough?,no
Ihx2s18gICM_0_000-6_000.wav,Does this audio indicate the presence of sneeze?,yes
iHYa6cteK6U_230_000-240_000.wav,Does this audio indicate the presence of cough?,yes
ii24sGs0oPY_140_000-150_000.wav,Does this audio indicate the presence of silence?,yes
ilrvvuXsr8U_30_000-40_000.wav,Does this audio indicate the presence of sniffle?,no
IN6FFTlq_8c.wav,Does this audio indicate the presence of speech?,yes
ipKCHDizaQI_30_000-40_000.wav,Does this audio indicate the presence of speech?,yes
irG-554yRxY_0_000-10_000.wav,Does this audio indicate the presence of sniffle?,no
IRRdp1HCRKs_12_000-22_000.wav,Does this audio indicate the presence of speech?,no
is7iUfqD5FE_110_000-120_000.wav,Does this audio indicate the presence of cough?,no
IsWDdGBeR6E_30_000-40_000.wav,Does this audio indicate the presence of sneeze?,no
ItnOPd_CktY_20_000-30_000.wav,Does this audio indicate the presence of speech?,yes
iUtE4nRvBsM.wav,Does this audio indicate the presence of speech?,yes
ivftkMSwp5A_60_000-70_000.wav,Does this audio indicate the presence of silence?,yes
ivViliT3zqM_420_000-430_000.wav,Does this audio indicate the presence of speech?,yes
IwQFUAPEk70.wav,Does this audio indicate the presence of sniffle?,no
iXn336f4zD0_30_000-40_000.wav,Does this audio indicate the presence of sneeze?,yes
iY7wnpb8L6g_1_000-11_000.wav,Does this audio indicate the presence of cough?,no
iYaQHovnw_c_260_000-270_000.wav,Does this audio indicate the presence of speech?,no
IYllzXfvkmY.wav,Does this audio indicate the presence of sneeze?,no
IzPMbIll3LE.wav,Does this audio indicate the presence of cough?,No
IZShe6pGKUs_0_000-10_000.wav,Does this audio indicate the presence of cough?,yes
J-ZZryxwrrc_0_000-10_000.wav,Does this audio indicate the presence of cough?,no
j0VnD6MrOjc.wav,Does this audio indicate the presence of cough?,yes
J2clp3ivBeg_240_000-250_000.wav,Does this audio indicate the presence of cough?,No
J2oHzDXHR8c_460_000-470_000.wav,Does this audio indicate the presence of silence?,yes
j4e1wHFEbaA_10_000-20_000.wav,Does this audio indicate the presence of sniffle?,no
j4zq7JrCET0_80_000-90_000.wav,Does this audio indicate the presence of cough?,yes
J5zkGAdLjO4_40_000-50_000.wav,Does this audio indicate the presence of throat-clearing?,no
J6_hvIunXnU.wav,Does this audio indicate the presence of sniffle?,no
j7MwYU5VH1s_70_000-80_000.wav,Does this audio indicate the presence of sniffle?,no
J9-8UnXWWf8_210_000-220_000.wav,Does this audio indicate the presence of sniffle?,yes
JA5_LywrTwk_80_000-90_000.wav,Does this audio indicate the presence of sniffle?,no
jADmW7R63yI_60_000-70_000.wav,Does this audio indicate the presence of silence?,yes
JBqwe7ycNJ8_120_000-130_000.wav,Does this audio indicate the presence of speech?,yes
JDfzEWnrq1g_100_000-110_000.wav,Does this audio indicate the presence of cough?,yes
JdMje98ZhLE_41_000-51_000.wav,Does this audio indicate the presence of speech?,yes
JDYmB0IPwdY_20_000-30_000.wav,Does this audio indicate the presence of cough?,no
JKUSKYdYo9w.wav,Does this audio indicate the presence of cough?,yes
jl8WnXpBHlc_20_000-30_000.wav,Does this audio indicate the presence of sneeze?,yes
JlRG_Y8Arnk_90_000-100_000.wav,Does this audio indicate the presence of throat-clearing?,no
JLtieDCSa6Y.wav,Does this audio indicate the presence of sneeze?,no
jMyY06bjVRA_80_000-90_000.wav,Does this audio indicate the presence of speech?,yes
Jogry7CVLzA_7_000-17_000.wav,Does this audio indicate the presence of sneeze?,yes
jORnUojz4oI_10_000-20_000.wav,Does this audio indicate the presence of sneeze?,yes
jQD7zwuQYxY_22_000-32_000.wav,Does this audio indicate the presence of throat-clearing?,no
jUbHiX3EFKA_18_000-28_000.wav,Does this audio indicate the presence of throat-clearing?,no
jxJh2KUReyQ_80_000-90_000.wav,Does this audio indicate the presence of silence?,yes
jYZ__Oi9V2U_3_000-13_000.wav,Does this audio indicate the presence of speech?,yes
jZyqNN6WCiw_20_000-30_000.wav,Does this audio indicate the presence of cough?,No
k4IeljH1Leg_0_000-10_000.wav,Does this audio indicate the presence of cough?,yes
K6Ff4JRgj0s_30_000-40_000.wav,Does this audio indicate the presence of sniffle?,no
K7-P2PyLXVk_130_000-140_000.wav,Does this audio indicate the presence of cough?,No
K7k1tH72E4k.wav,Does this audio indicate the presence of cough?,yes
kASj4GYFWBE_110_000-120_000.wav,Does this audio indicate the presence of sniffle?,no
KbIw9tsxoUk_10_000-20_000.wav,Does this audio indicate the presence of cough?,yes
kcqnU46qIxw_70_000-80_000.wav,Does this audio indicate the presence of silence?,yes
kc_EQ3mPiG0_10_000-20_000.wav,Does this audio indicate the presence of sniffle?,yes
Kg7YdqBtqYc_0_000-9_000.wav,Does this audio indicate the presence of cough?,No
kGStUSW6xpc_50_000-60_000.wav,Does this audio indicate the presence of sniffle?,no
khC7ed0_Kvs.wav,Does this audio indicate the presence of throat-clearing?,no
KKsltQhn-FE_330_000-340_000.wav,Does this audio indicate the presence of sneeze?,yes
kL_-XdzJQ3g.wav,Does this audio indicate the presence of sniffle?,no
kmfFzx0vPL4_130_000-140_000.wav,Does this audio indicate the presence of throat-clearing?,no
kOheqjodDmw.wav,Does this audio indicate the presence of speech?,yes
koLleeAndnY_60_000-70_000.wav,Does this audio indicate the presence of throat-clearing?,no
KoUw2T0QKgY_70_000-80_000.wav,Does this audio indicate the presence of cough?,no
KQdTp3XploQ_20_000-30_000.wav,Does this audio indicate the presence of cough?,yes
KygTjGoFJHc_10_000-20_000.wav,Does this audio indicate the presence of sniffle?,no
KyorpiOYtHU_30_000-40_000.wav,Does this audio indicate the presence of speech?,no
KYXkh8Z9JVs_190_000-200_000.wav,Does this audio indicate the presence of cough?,no
KZVVntxx99s_10_000-20_000.wav,Does this audio indicate the presence of sniffle?,no
k_ry9us3pAQ_90_000-100_000.wav,Does this audio indicate the presence of speech?,no
L-YMkXgbKJk_50_000-60_000.wav,Does this audio indicate the presence of cough?,yes
l0bXGRHdWXQ_70_000-80_000.wav,Does this audio indicate the presence of speech?,no
L4ntr1A5Euw_60_000-70_000.wav,Does this audio indicate the presence of cough?,No
l4t0sPybWEc_10_000-20_000.wav,Does this audio indicate the presence of cough?,yes
L76160fJoNc_40_000-50_000.wav,Does this audio indicate the presence of speech?,no
l7fSQ6fluVg_340_000-350_000.wav,Does this audio indicate the presence of sneeze?,no
l7LdZLdly_Q_50_000-60_000.wav,Does this audio indicate the presence of speech?,no
l9yY9jY4fwk_190_000-200_000.wav,Does this audio indicate the presence of throat-clearing?,no
lBcxTNg7Aog_30_000-40_000.wav,Does this audio indicate the presence of sniffle?,no
lBqR3TNF6VI_180_000-190_000.wav,Does this audio indicate the presence of sneeze?,no
LDCHOGG9jqo_10_000-20_000.wav,Does this audio indicate the presence of sniffle?,no
lddQ1ertGtQ_90_000-100_000.wav,Does this audio indicate the presence of sniffle?,no
ldnMvQa-12g_480_000-490_000.wav,Does this audio indicate the presence of throat-clearing?,no
lH6ym1UrlnE.wav,Does this audio indicate the presence of cough?,yes
LiHQ6oUWCNM_70_000-80_000.wav,Does this audio indicate the presence of speech?,yes
lj3UH3ZE2lg_0_000-10_000.wav,Does this audio indicate the presence of cough?,yes
LKTNNCtAurE_10_000-20_000.wav,Does this audio indicate the presence of sniffle?,no
lN6H0_PqKME_10_000-20_000.wav,Does this audio indicate the presence of speech?,no
lNMDJjJvsUo_90_000-100_000.wav,Does this audio indicate the presence of speech?,no
Lp78UxPuWQU_10_000-20_000.wav,Does this audio indicate the presence of cough?,No
LpnHXuod-JM_0_000-10_000.wav,Does this audio indicate the presence of cough?,yes
lSf2DaFhcK4_90_000-100_000.wav,Does this audio indicate the presence of cough?,no
lsxKT442lio_70_000-80_000.wav,Does this audio indicate the presence of sneeze?,yes
lTGJX5f2scI.wav,Does this audio indicate the presence of cough?,yes
ltSjE9KreEo_60_000-70_000.wav,Does this audio indicate the presence of sniffle?,yes
lWB579w24eU_80_000-90_000.wav,Does this audio indicate the presence of throat-clearing?,no
LXR5pZHQtmM_90_000-100_000.wav,Does this audio indicate the presence of cough?,yes
lyKZIADD0Ms_210_000-220_000.wav,Does this audio indicate the presence of cough?,yes
L_ef3cFnySg_80_000-90_000.wav,Does this audio indicate the presence of sneeze?,yes
M39Q8n8OACQ_470_000-480_000.wav,Does this audio indicate the presence of speech?,yes
M3ZC3WCKkVM_0_000-10_000.wav,Does this audio indicate the presence of sneeze?,no
m4-scLAjjTY_20_000-30_000.wav,Does this audio indicate the presence of speech?,no
M4wypm8JEBg_60_000-70_000.wav,Does this audio indicate the presence of sneeze?,no
M5E6gS3pAMo_10_000-20_000.wav,Does this audio indicate the presence of speech?,no
M6bs_l-76uw.wav,Does this audio indicate the presence of cough?,yes
M8CTQjgZtaY_60_000-70_000.wav,Does this audio indicate the presence of cough?,no
Mcuhv1hT78E_0_000-10_000.wav,Does this audio indicate the presence of throat-clearing?,no
MdCSz2cZQUM_30_000-40_000.wav,Does this audio indicate the presence of sniffle?,no
MF5oxE3J8Yw_20_000-30_000.wav,Does this audio indicate the presence of silence?,yes
MHdNcwiHMqM_0_000-10_000.wav,Does this audio indicate the presence of sniffle?,no
Mhy0SUd3DL8_190_000-200_000.wav,Does this audio indicate the presence of throat-clearing?,no
mISc-Iebq64_510_000-520_000.wav,Does this audio indicate the presence of cough?,yes
MJFQUlHQvBw_390_000-400_000.wav,Does this audio indicate the presence of sniffle?,no
Ml-KbxILigA_30_000-40_000.wav,Does this audio indicate the presence of speech?,no
Mly3EKf9otg_10_000-20_000.wav,Does this audio indicate the presence of cough?,yes
mnVH8POcOoc_200_000-210_000.wav,Does this audio indicate the presence of cough?,yes
mNxDSslUFqk_0_000-10_000.wav,Does this audio indicate the presence of sneeze?,yes
MNxv-JZEncE_20_000-30_000.wav,Does this audio indicate the presence of speech?,yes
moCH4rpHk78_30_000-40_000.wav,Does this audio indicate the presence of sniffle?,no
MoQC9PsNnk4_30_000-40_000.wav,Does this audio indicate the presence of sneeze?,no
MPUShjrdzow_30_000-40_000.wav,Does this audio indicate the presence of speech?,yes
mQITX62D_3s.wav,Does this audio indicate the presence of cough?,yes
MRzEscxFTwk_20_000-30_000.wav,Does this audio indicate the presence of cough?,no
mUvMGoyCiyI_300_000-310_000.wav,Does this audio indicate the presence of silence?,yes
mvAcwJ1DGJA_380_000-390_000.wav,Does this audio indicate the presence of silence?,yes
mVamaP3xUw0.wav,Does this audio indicate the presence of sniffle?,no
MVLEz28ZdFU.wav,Does this audio indicate the presence of sniffle?,no
MvqUmfD92AE_0_000-8_000.wav,Does this audio indicate the presence of sneeze?,yes
myd5Ug6s58I_0_000-9_000.wav,Does this audio indicate the presence of silence?,yes
MygBOLdnJpw_170_000-180_000.wav,Does this audio indicate the presence of silence?,yes
M_p8j7j7w0A_110_000-120_000.wav,Does this audio indicate the presence of speech?,yes
n0YvUzf6yaM_0_000-10_000.wav,Does this audio indicate the presence of cough?,yes
N2JDJDZyzz0_180_000-190_000.wav,Does this audio indicate the presence of silence?,yes
n5Q_FOemA6c_120_000-130_000.wav,Does this audio indicate the presence of cough?,no
n6HEkpSJtu0_0_000-10_000.wav,Does this audio indicate the presence of speech?,no
N8CmyYsEdAs_40_000-50_000.wav,Does this audio indicate the presence of throat-clearing?,no
NBJggqxj5ZA_180_000-190_000.wav,Does this audio indicate the presence of sniffle?,no
nBuw_KZXT_k.wav,Does this audio indicate the presence of cough?,yes
NC30VSM-raQ_70_000-80_000.wav,Does this audio indicate the presence of throat-clearing?,no
nfdEAfLG7qQ.wav,Does this audio indicate the presence of vomit?,yes
nfHmIpSinQg_30_000-40_000.wav,Does this audio indicate the presence of sneeze?,yes
Nfjob0snU5Y_20_000-30_000.wav,Does this audio indicate the presence of sneeze?,no
NfUONhpVA0Q_30_000-40_000.wav,Does this audio indicate the presence of cough?,yes
nge5pZwMi6w_20_000-30_000.wav,Does this audio indicate the presence of sniffle?,no
Nhv2vLJf0jM_140_000-150_000.wav,Does this audio indicate the presence of throat-clearing?,no
nIBRNVTxo8w_0_000-10_000.wav,Does this audio indicate the presence of throat-clearing?,no
Nihn9j68pBE.wav,Does this audio indicate the presence of sneeze?,no
Nii9mVDncLk_20_000-30_000.wav,Does this audio indicate the presence of silence?,yes
NjazulpHxNY.wav,Does this audio indicate the presence of sniffle?,yes
nK04u0NuenA.wav,Does this audio indicate the presence of speech?,yes
nkwMqCHldFo_20_000-30_000.wav,Does this audio indicate the presence of throat-clearing?,no
nL3LUxrWEpA_170_000-180_000.wav,Does this audio indicate the presence of speech?,yes
Nmw58r0EBVM_120_000-130_000.wav,Does this audio indicate the presence of speech?,yes
noONbm0WhLk_30_000-40_000.wav,Does this audio indicate the presence of sniffle?,no
NSBAv1UxHB4_20_000-30_000.wav,Does this audio indicate the presence of cough?,yes
nsGMs8LW6Qs_40_000-50_000.wav,Does this audio indicate the presence of speech?,yes
NTwtl5HXYTE_50_000-60_000.wav,Does this audio indicate the presence of speech?,yes
nufrN47bYlk_60_000-70_000.wav,Does this audio indicate the presence of speech?,no
nuxxMOqKpG4_40_000-50_000.wav,Does this audio indicate the presence of speech?,no
nvmaZvWU-tA_50_000-60_000.wav,Does this audio indicate the presence of sneeze?,yes
nz0qYNbFGD4_30_000-40_000.wav,Does this audio indicate the presence of cough?,yes
n_Yf7QYcxmA_110_000-120_000.wav,Does this audio indicate the presence of cough?,No
O-nRSDY2nE0_20_000-30_000.wav,Does this audio indicate the presence of silence?,yes
O17YnAPhb40_0_000-9_000.wav,Does this audio indicate the presence of silence?,yes
O2xO6yB6ggM_0_000-10_000.wav,Does this audio indicate the presence of sniffle?,no
o57a81w9c-k_100_000-110_000.wav,Does this audio indicate the presence of speech?,yes
O5fU7Nm1a1E_170_000-180_000.wav,Does this audio indicate the presence of cough?,No
o5oS4ruiZ6g_180_000-190_000.wav,Does this audio indicate the presence of speech?,no
O7fLmQhzQSA_20_000-30_000.wav,Does this audio indicate the presence of speech?,yes
o8zJ_AjJ388_10_000-20_000.wav,Does this audio indicate the presence of speech?,yes
ObbEE5JoDJE.wav,Does this audio indicate the presence of throat-clearing?,no
OBFgL1gfliI_60_000-70_000.wav,Does this audio indicate the presence of sneeze?,no
oBLLs2UcJbQ.wav,Does this audio indicate the presence of sniffle?,no
OcRian470no_230_000-240_000.wav,Does this audio indicate the presence of sniffle?,no
OFuniBSO6pA_50_000-60_000.wav,Does this audio indicate the presence of speech?,yes
oGf-eDCiQfg_70_000-80_000.wav,Does this audio indicate the presence of speech?,yes
OGjPDycn2WI_10_000-20_000.wav,Does this audio indicate the presence of silence?,yes
ogNIvnKY1wI_110_000-120_000.wav,Does this audio indicate the presence of speech?,no
ogXzNVUU3Xk_20_000-30_000.wav,Does this audio indicate the presence of throat-clearing?,no
oG_QgFX67q4_30_000-40_000.wav,Does this audio indicate the presence of speech?,yes
OhDQA2Tkwxs_20_000-30_000.wav,Does this audio indicate the presence of speech?,no
OLSccYz9LW0_0_000-7_000.wav,Does this audio indicate the presence of cough?,no
OQwzQLvGJkI_10_000-20_000.wav,Does this audio indicate the presence of speech?,no
oRxuEQ25RO8_0_000-10_000.wav,Does this audio indicate the presence of throat-clearing?,no
orYVDqD1La0_310_000-320_000.wav,Does this audio indicate the presence of speech?,yes
OSlYn9hTRFA.wav,Does this audio indicate the presence of cough?,yes
OT_8gUNkpw4_170_000-180_000.wav,Does this audio indicate the presence of silence?,yes
ouSjun1DuXw_0_000-5_000.wav,Does this audio indicate the presence of speech?,yes
ovP1V_dqcKs.wav,Does this audio indicate the presence of throat-clearing?,no
OwAUGABGrqk.wav,Does this audio indicate the presence of sneeze?,no
oYupDOgVGRw_10_000-20_000.wav,Does this audio indicate the presence of sneeze?,no
o_njfu8qsz8_50_000-60_000.wav,Does this audio indicate the presence of sniffle?,yes
P4bu1XBDoi4_180_000-190_000.wav,Does this audio indicate the presence of sniffle?,no
P4Vp5cMKjL0.wav,Does this audio indicate the presence of speech?,yes
P5ieydOAJQE_10_000-20_000.wav,Does this audio indicate the presence of cough?,yes
pAFLShxX98Q_10_000-20_000.wav,Does this audio indicate the presence of silence?,yes
pBFMlOQyXCg_0_000-10_000.wav,Does this audio indicate the presence of cough?,yes
PCRY7zF-Oyg.wav,Does this audio indicate the presence of sneeze?,no
pcVQ37PIDak_40_000-50_000.wav,Does this audio indicate the presence of throat-clearing?,no
PdbjVujqBTM_90_000-100_000.wav,Does this audio indicate the presence of sneeze?,no
PFQRifJJr1c_0_000-10_000.wav,Does this audio indicate the presence of sniffle?,no
PGrFrJpgCNM_10_000-20_000.wav,Does this audio indicate the presence of speech?,yes
phcb_32Cmbo.wav,Does this audio indicate the presence of speech?,yes
pHwZ5S5PmQs_0_000-10_000.wav,Does this audio indicate the presence of cough?,yes
pIXUMUwAv5A_210_000-220_000.wav,Does this audio indicate the presence of silence?,yes
Pjg71GYeYIQ_110_000-120_000.wav,Does this audio indicate the presence of throat-clearing?,no
PjK77Fekmnc_120_000-130_000.wav,Does this audio indicate the presence of sniffle?,no
pKLVMADkgks_60_000-70_000.wav,Does this audio indicate the presence of speech?,yes
pMse0rtj68g_20_000-30_000.wav,Does this audio indicate the presence of throat-clearing?,no
po9kQ6lrnyQ_10_000-20_000.wav,Does this audio indicate the presence of sniffle?,no
PQ1NJa6U_Mc.wav,Does this audio indicate the presence of throat-clearing?,no
pq1WkvfUZ7I_10_000-20_000.wav,Does this audio indicate the presence of cough?,yes
ptgEmyUY818_0_000-10_000.wav,Does this audio indicate the presence of cough?,yes
pTHneU38ruM_80_000-90_000.wav,Does this audio indicate the presence of speech?,yes
PTjnZXm5E0c_120_000-130_000.wav,Does this audio indicate the presence of speech?,no
PTqVRD7u8UY_40_000-50_000.wav,Does this audio indicate the presence of sneeze?,no
PuE_Qe_H-z4_150_000-160_000.wav,Does this audio indicate the presence of speech?,yes
PVPp4CYgGH0_180_000-190_000.wav,Does this audio indicate the presence of sneeze?,yes
PwLeUwl82uI_30_000-40_000.wav,Does this audio indicate the presence of cough?,yes
pwSchn_sQ68_30_000-40_000.wav,Does this audio indicate the presence of sneeze?,no
pY1nR5Y1aAs_30_000-40_000.wav,Does this audio indicate the presence of cough?,yes
PyXQVNaAbHc.wav,Does this audio indicate the presence of speech?,yes
pzL2EPEFmFA_60_000-70_000.wav,Does this audio indicate the presence of sneeze?,no
pzsV0Sr5hrE.wav,Does this audio indicate the presence of cough?,yes
Q-BnM0ChaUc_70_000-80_000.wav,Does this audio indicate the presence of sneeze?,yes
q-q6UT89OnM_12_000-22_000.wav,Does this audio indicate the presence of silence?,yes
Q0iv7pzeJkw_20_000-30_000.wav,Does this audio indicate the presence of speech?,yes
q1sDGR5Gpzk_170_000-180_000.wav,Does this audio indicate the presence of sniffle?,no
q4y4UvCKRBg_0_000-10_000.wav,Does this audio indicate the presence of speech?,yes
QAGC8LBi4xU_210_000-220_000.wav,Does this audio indicate the presence of throat-clearing?,no
QApfHnvjiPE_50_000-60_000.wav,Does this audio indicate the presence of throat-clearing?,no
qaQ9ldqWB5k_160_000-170_000.wav,Does this audio indicate the presence of speech?,yes
QbBo7uSUj5A_0_000-10_000.wav,Does this audio indicate the presence of silence?,yes
QBeB9-bBVZA_20_000-30_000.wav,Does this audio indicate the presence of speech?,yes
QC9481d_cXQ_0_000-9_000.wav,Does this audio indicate the presence of speech?,yes
qcvrLF5-Zno_250_000-260_000.wav,Does this audio indicate the presence of throat-clearing?,no
qEv7NBFezUA_20_000-30_000.wav,Does this audio indicate the presence of silence?,yes
qeYcFQsU61Y_200_000-210_000.wav,Does this audio indicate the presence of silence?,yes
Qg5fVlHfok4_90_000-100_000.wav,Does this audio indicate the presence of cough?,no
QGLBlsCETpw_20_000-30_000.wav,Does this audio indicate the presence of speech?,no
qgUvp5rva50_70_000-80_000.wav,Does this audio indicate the presence of throat-clearing?,no
qHxgEpRG1Vs_30_000-40_000.wav,Does this audio indicate the presence of sniffle?,no
QIBUJSmWcM8_230_000-240_000.wav,Does this audio indicate the presence of cough?,no
QiOmHHmlvIA_30_000-40_000.wav,Does this audio indicate the presence of speech?,yes
qj-s6ZcgytA_170_000-180_000.wav,Does this audio indicate the presence of throat-clearing?,no
QMuRBmhvfVk_180_000-190_000.wav,Does this audio indicate the presence of sniffle?,no
qOSdHmfwLF4.wav,Does this audio indicate the presence of cough?,no
qPp2onMDFrI_10_000-20_000.wav,Does this audio indicate the presence of speech?,yes
qQdEVtjWgOQ_140_000-150_000.wav,Does this audio indicate the presence of throat-clearing?,no
QQouRzOM9BM.wav,Does this audio indicate the presence of speech?,no
qR3fJNSRvJ8_10_000-20_000.wav,Does this audio indicate the presence of sniffle?,no
qRkBOI01JcE_0_000-10_000.wav,Does this audio indicate the presence of cough?,yes
QSbpYuVty7Y_100_000-110_000.wav,Does this audio indicate the presence of sniffle?,no
qUiN4mFsII8_0_000-10_000.wav,Does this audio indicate the presence of cough?,no
quwLxxbH2Pg_10_000-20_000.wav,Does this audio indicate the presence of throat-clearing?,no
qVoF6gzJhxw_10_000-20_000.wav,Does this audio indicate the presence of sneeze?,no
qW5-hZGGx9U.wav,Does this audio indicate the presence of cough?,yes
Qz9dMRnRs78_10_000-20_000.wav,Does this audio indicate the presence of speech?,yes
QZeYprvWo10_29_000-39_000.wav,Does this audio indicate the presence of sneeze?,yes
r-9_WkeHiCU_80_000-90_000.wav,Does this audio indicate the presence of cough?,yes
R0AJ_4W0f8k.wav,Does this audio indicate the presence of cough?,yes
R4szr2M1wik_50_000-60_000.wav,Does this audio indicate the presence of cough?,yes
R5FBHR8FcXw_130_000-140_000.wav,Does this audio indicate the presence of cough?,yes
R7X7RVx2HIg_0_000-10_000.wav,Does this audio indicate the presence of throat-clearing?,no
r9XuQJZimEg_20_000-30_000.wav,Does this audio indicate the presence of sniffle?,no
RaBnR8jfFQQ_0_000-10_000.wav,Does this audio indicate the presence of silence?,yes
raPBAKyYIGE_70_000-80_000.wav,Does this audio indicate the presence of cough?,no
rbaFjiHkFcY_190_000-200_000.wav,Does this audio indicate the presence of sneeze?,yes
rcAn5oRDPAw_0_000-10_000.wav,Does this audio indicate the presence of speech?,yes
RCHpZjtI9P0_10_000-20_000.wav,Does this audio indicate the presence of silence?,yes
RDbDPY0gCho_60_000-70_000.wav,Does this audio indicate the presence of sniffle?,no
rDGQN3dsgz4_0_000-10_000.wav,Does this audio indicate the presence of speech?,yes
rd_ZnOahj5o_100_000-110_000.wav,Does this audio indicate the presence of sniffle?,no
reejLuXlnsk_0_000-10_000.wav,Does this audio indicate the presence of cough?,yes
RFeU64gTvGQ.wav,Does this audio indicate the presence of gasp?,yes
RgB5y0cYPUE_180_000-190_000.wav,Does this audio indicate the presence of throat-clearing?,no
RGCGo7N4btI_10_000-20_000.wav,Does this audio indicate the presence of speech?,yes
RHXKtt2TA0o_230_000-240_000.wav,Does this audio indicate the presence of sneeze?,no
rIvPirweE1I_20_000-30_000.wav,Does this audio indicate the presence of speech?,no
RkS4Inh4lxs_160_000-170_000.wav,Does this audio indicate the presence of throat-clearing?,no
RlGwm1F-_Y4_0_000-10_000.wav,Does this audio indicate the presence of sniffle?,no
rM0mOUPtSpU_60_000-70_000.wav,Does this audio indicate the presence of silence?,yes
RnDx23kdlFk_60_000-70_000.wav,Does this audio indicate the presence of cough?,yes
Roq20aFeabQ_100_000-110_000.wav,Does this audio indicate the presence of cough?,no
rOrd2cxQGo4_550_000-560_000.wav,Does this audio indicate the presence of sniffle?,no
rr5T3E4j7_Q_20_000-30_000.wav,Does this audio indicate the presence of silence?,yes
Rr84-EZvO0U.wav,Does this audio indicate the presence of cough?,yes
rsH2f778DnM.wav,Does this audio indicate the presence of throat-clearing?,no
rSKjBDzagRU_60_000-70_000.wav,Does this audio indicate the presence of speech?,yes
Rtg1SUrxOPY.wav,Does this audio indicate the presence of speech?,yes
RtQsSPgpddA_10_000-20_000.wav,Does this audio indicate the presence of cough?,yes
ruU4UZudlVQ_30_000-40_000.wav,Does this audio indicate the presence of sniffle?,no
rVq-Q9pzwoY_0_000-10_000.wav,Does this audio indicate the presence of cough?,no
RwE9JAktTvU_580_000-590_000.wav,Does this audio indicate the presence of cough?,yes
RwETsHotWso_80_000-90_000.wav,Does this audio indicate the presence of silence?,yes
RWlyM4veldE_0_000-10_000.wav,Does this audio indicate the presence of sniffle?,no
rX7_r53uFNo_20_000-30_000.wav,Does this audio indicate the presence of cough?,No
RXJxtAHtkcs.wav,Does this audio indicate the presence of throat-clearing?,no
RYppdW56lfo_0_000-10_000.wav,Does this audio indicate the presence of sniffle?,no
S3oZrMGDMMw.wav,Does this audio indicate the presence of sneeze?,no
s5YKy0zJOIk_40_000-50_000.wav,Does this audio indicate the presence of cough?,yes
S93-xEv68_4_10_000-20_000.wav,Does this audio indicate the presence of speech?,yes
SAguclkFQoQ_40_000-50_000.wav,Does this audio indicate the presence of silence?,yes
sbHrDFJNLcw_0_000-10_000.wav,Does this audio indicate the presence of sneeze?,yes
sBoYLyiSQrQ_0_000-10_000.wav,Does this audio indicate the presence of cough?,yes
sCu07T0Pz1g_170_000-180_000.wav,Does this audio indicate the presence of sniffle?,no
sD6WaQY_d6w_170_000-180_000.wav,Does this audio indicate the presence of throat-clearing?,no
SF-srscAiK0_0_000-10_000.wav,Does this audio indicate the presence of speech?,no
sIp5-CTMsPg_90_000-100_000.wav,Does this audio indicate the presence of speech?,yes
sjm1E5xLiNI_0_000-10_000.wav,Does this audio indicate the presence of throat-clearing?,no
SKKwIcjv-5g_30_000-40_000.wav,Does this audio indicate the presence of throat-clearing?,no
SmtEawVCdb8_0_000-10_000.wav,Does this audio indicate the presence of speech?,no
sNCKIJFUj5I.wav,Does this audio indicate the presence of cough?,No
SNdKLFxQh-k_30_000-40_000.wav,Does this audio indicate the presence of speech?,yes
sNfwx40b-u0_40_000-50_000.wav,Does this audio indicate the presence of throat-clearing?,no
SO4etSgwPVE_10_000-20_000.wav,Does this audio indicate the presence of speech?,no
sPpVPwWdIag_130_000-140_000.wav,Does this audio indicate the presence of throat-clearing?,no
sR2wAn1Njvk_0_000-10_000.wav,Does this audio indicate the presence of silence?,yes
sspVoY8hZEY.wav,Does this audio indicate the presence of speech?,yes
SsYyb8Vmuxk_20_000-30_000.wav,Does this audio indicate the presence of speech?,yes
StJLcW5FKoI_10_000-20_000.wav,Does this audio indicate the presence of sneeze?,yes
sUFGh7zp9D0_280_000-290_000.wav,Does this audio indicate the presence of sniffle?,no
SumS_9VAq9c_70_000-80_000.wav,Does this audio indicate the presence of speech?,yes
SvkPqsOwfDg_0_000-10_000.wav,Does this audio indicate the presence of silence?,yes
SvmMkyMkpfY_170_000-180_000.wav,Does this audio indicate the presence of speech?,yes
svydzdjKqa4_10_000-20_000.wav,Does this audio indicate the presence of cough?,no
SXFWxFliJG8_30_000-40_000.wav,Does this audio indicate the presence of sneeze?,no
sZ29AZCjWTE_60_000-70_000.wav,Does this audio indicate the presence of throat-clearing?,no
t244-6fRm9g_30_000-40_000.wav,Does this audio indicate the presence of speech?,yes
t5vby75dXWo_140_000-150_000.wav,Does this audio indicate the presence of cough?,yes
T7AsgidnuDQ_40_000-50_000.wav,Does this audio indicate the presence of speech?,yes
t7Em0nH4koU_40_000-50_000.wav,Does this audio indicate the presence of speech?,no
t8CV69hcvF0_210_000-220_000.wav,Does this audio indicate the presence of silence?,yes
TA-iHSeEUYk.wav,Does this audio indicate the presence of cough?,yes
TA8XAitqVxg_0_000-10_000.wav,Does this audio indicate the presence of throat-clearing?,no
TB3VhNczX88.wav,Does this audio indicate the presence of sneeze?,no
TbeP1mQdsw0_0_000-9_000.wav,Does this audio indicate the presence of silence?,yes
tBuVHf38Xhk_80_000-90_000.wav,Does this audio indicate the presence of sniffle?,no
tDtqpIdzFqc_0_000-10_000.wav,Does this audio indicate the presence of sneeze?,no
tfCp6JyvAMg_200_000-210_000.wav,Does this audio indicate the presence of throat-clearing?,no
ThHs0zNnQXg.wav,Does this audio indicate the presence of cough?,yes
TjP-9AlPShg.wav,Does this audio indicate the presence of throat-clearing?,no
TnGWTjiceJ4_40_000-50_000.wav,Does this audio indicate the presence of throat-clearing?,no
tPmmB8jSuSY_10_000-20_000.wav,Does this audio indicate the presence of silence?,yes
tPSB08-UtTI_30_000-40_000.wav,Does this audio indicate the presence of cough?,yes
tQfIzmAmogw_10_000-20_000.wav,Does this audio indicate the presence of silence?,yes
TqZLvNd1oaM_20_000-30_000.wav,Does this audio indicate the presence of sniffle?,no
ts4bZHaOMgE_100_000-110_000.wav,Does this audio indicate the presence of speech?,yes
Tti_OYRWGj4_0_000-10_000.wav,Does this audio indicate the presence of sneeze?,no
Ttl6dPIYGKQ_0_000-10_000.wav,Does this audio indicate the presence of silence?,yes
TuIQg2cJqAs_0_000-10_000.wav,Does this audio indicate the presence of silence?,yes
tUUkucw-BOY_80_000-90_000.wav,Does this audio indicate the presence of speech?,yes
tvB2fbCLWV8_0_000-10_000.wav,Does this audio indicate the presence of sniffle?,no
TvpYv6ttXVE_0_000-10_000.wav,Does this audio indicate the presence of cough?,no
tWt0_TpfYtE_80_000-90_000.wav,Does this audio indicate the presence of cough?,no
txVBnPl9KPM_0_000-10_000.wav,Does this audio indicate the presence of cough?,yes
TYQQZ-zy1P0_0_000-10_000.wav,Does this audio indicate the presence of speech?,yes
Tzs9ITxYt6E_50_000-60_000.wav,Does this audio indicate the presence of sniffle?,no
U05C3txRsSs_10_000-20_000.wav,Does this audio indicate the presence of speech?,no
U26ZJX0UmKo_0_000-10_000.wav,Does this audio indicate the presence of speech?,no
U362CVqe2hc_200_000-210_000.wav,Does this audio indicate the presence of sneeze?,no
u4N61XkG6lo_0_000-10_000.wav,Does this audio indicate the presence of sniffle?,no
U53w21v9s8o_0_000-10_000.wav,Does this audio indicate the presence of speech?,yes
UBnqj0MvEY8_160_000-170_000.wav,Does this audio indicate the presence of speech?,yes
uCwjRQRkbTI_10_000-20_000.wav,Does this audio indicate the presence of throat-clearing?,no
Ue4B-v3DoTo_20_000-30_000.wav,Does this audio indicate the presence of cough?,yes
uFBONka7IYA_40_000-50_000.wav,Does this audio indicate the presence of sniffle?,no
uG7cz8t01x8_0_000-10_000.wav,Does this audio indicate the presence of speech?,no
uGTwqElP8p8_40_000-50_000.wav,Does this audio indicate the presence of cough?,yes
ui7wvb6DAw0_0_000-10_000.wav,Does this audio indicate the presence of cough?,No
UibT25x1yFs_10_000-20_000.wav,Does this audio indicate the presence of throat-clearing?,no
UIQO3w4-XEI_90_000-100_000.wav,Does this audio indicate the presence of sniffle?,no
ujvutchAWUo_80_000-90_000.wav,Does this audio indicate the presence of cough?,no
Upak5y2L3dc_240_000-250_000.wav,Does this audio indicate the presence of cough?,no
UPNlRqqgQvY_0_000-10_000.wav,Does this audio indicate the presence of cough?,yes
uTOrHGJQfqQ_30_000-40_000.wav,Does this audio indicate the presence of cough?,yes
Uu8lA_-TelE_20_000-30_000.wav,Does this audio indicate the presence of cough?,no
uuKQshLRnvk_50_000-60_000.wav,Does this audio indicate the presence of throat-clearing?,no
uwtac6bED4U_120_000-130_000.wav,Does this audio indicate the presence of silence?,yes
UxqKt8T55U0_70_000-80_000.wav,Does this audio indicate the presence of sniffle?,no
uXYbMsRDldg_10_000-20_000.wav,Does this audio indicate the presence of sneeze?,no
UyMap8jaVkc_30_000-40_000.wav,Does this audio indicate the presence of cough?,yes
uY_7LOFgLms_30_000-40_000.wav,Does this audio indicate the presence of cough?,yes
UZa8hjP92GM.wav,Does this audio indicate the presence of speech?,yes
uzTkFQ360mE_30_000-40_000.wav,Does this audio indicate the presence of throat-clearing?,no
u_rSaTA7684_270_000-280_000.wav,Does this audio indicate the presence of speech?,no
V0aTH2dvnhU_110_000-120_000.wav,Does this audio indicate the presence of cough?,No
V4ieLWRqO60_10_000-20_000.wav,Does this audio indicate the presence of speech?,yes
V5jE5QHBhmY_20_000-30_000.wav,Does this audio indicate the presence of throat-clearing?,no
VAQeoyf2C9s_90_000-100_000.wav,Does this audio indicate the presence of throat-clearing?,no
VdaTqi6O4d0.wav,Does this audio indicate the presence of cough?,yes
VfjVJy3z1LU_60_000-70_000.wav,Does this audio indicate the presence of cough?,no
VFOo96mZMQU_20_000-30_000.wav,Does this audio indicate the presence of silence?,yes
vGReKpeMAtA_10_000-20_000.wav,Does this audio indicate the presence of speech?,no
VGUn3tueVLE.wav,Does this audio indicate the presence of speech?,yes
vh2uDw5F0mQ_20_000-30_000.wav,Does this audio indicate the presence of cough?,no
VHVH2byCxRE_530_000-540_000.wav,Does this audio indicate the presence of sniffle?,no
vIBtwK5mH5Q.wav,Does this audio indicate the presence of speech?,no
ViL1SkWhj-s_60_000-70_000.wav,Does this audio indicate the presence of speech?,no
Vj1TWB7wawE_0_000-10_000.wav,Does this audio indicate the presence of throat-clearing?,no
vJjJKOJChBs_100_000-110_000.wav,Does this audio indicate the presence of throat-clearing?,no
vJQxPaHXXnY_200_000-210_000.wav,Does this audio indicate the presence of speech?,yes
vkIoLVg6WwI_150_000-160_000.wav,Does this audio indicate the presence of throat-clearing?,no
VKjyBq-cctQ_20_000-30_000.wav,Does this audio indicate the presence of throat-clearing?,no
VkML7uqepqE_40_000-50_000.wav,Does this audio indicate the presence of cough?,no
vKtCl9CpMJw_70_000-80_000.wav,Does this audio indicate the presence of speech?,no
VlFNQv6fLqQ_0_000-10_000.wav,Does this audio indicate the presence of cough?,yes
vlGxyAY9piA_100_000-110_000.wav,Does this audio indicate the presence of silence?,yes
VlOlPTnmUqc_0_000-10_000.wav,Does this audio indicate the presence of silence?,yes
vMfc_I1Is_0_40_000-50_000.wav,Does this audio indicate the presence of cough?,yes
VOX5RKZLipo_140_000-150_000.wav,Does this audio indicate the presence of silence?,yes
vo_tK7tIsj8_120_000-130_000.wav,Does this audio indicate the presence of cough?,no
vPOiW5hvj2A_10_000-20_000.wav,Does this audio indicate the presence of sniffle?,no
vQAFw6Wi5ak_60_000-70_000.wav,Does this audio indicate the presence of silence?,yes
vQAOUu0xou4_410_000-420_000.wav,Does this audio indicate the presence of cough?,No
vQbG8p9ryRI_270_000-280_000.wav,Does this audio indicate the presence of throat-clearing?,no
VrplLLZdUCU_40_000-50_000.wav,Does this audio indicate the presence of sniffle?,no
VruWVPsPYNQ_30_000-40_000.wav,Does this audio indicate the presence of gasp?,yes
vrvBEAAre4k_180_000-190_000.wav,Does this audio indicate the presence of sneeze?,no
vSqe64psUok_280_000-290_000.wav,Does this audio indicate the presence of sneeze?,yes
VSYn6mq6-dI_0_000-8_000.wav,Does this audio indicate the presence of throat-clearing?,no
vt6QyrVcE4s_40_000-50_000.wav,Does this audio indicate the presence of speech?,no
VT8eD6Ji-Jw_20_000-30_000.wav,Does this audio indicate the presence of breathe?,yes
vtHMZNOMlb4_320_000-330_000.wav,Does this audio indicate the presence of sniffle?,no
vTxLao_7NQU_120_000-130_000.wav,Does this audio indicate the presence of speech?,no
Vu1kOW-YZcM_0_000-10_000.wav,Does this audio indicate the presence of sniffle?,no
vucBLdDF-sI_250_000-260_000.wav,Does this audio indicate the presence of sniffle?,no
VuZblKpYmtY_180_000-190_000.wav,Does this audio indicate the presence of gasp?,yes
VVG1tvI67Y4_24_000-34_000.wav,Does this audio indicate the presence of cough?,no
vYsf2UqXHWU_20_000-30_000.wav,Does this audio indicate the presence of cough?,yes
VYtC_vHEe5Y_10_000-20_000.wav,Does this audio indicate the presence of throat-clearing?,no
vYV0EdRotgM_20_000-30_000.wav,Does this audio indicate the presence of cough?,No
vZUVj_NLDP8_50_000-60_000.wav,Does this audio indicate the presence of cough?,no
VzVjieAgz7Y_50_000-60_000.wav,Does this audio indicate the presence of cough?,yes
W1LTDi-xsxw_20_000-30_000.wav,Does this audio indicate the presence of cough?,no
w2aaJVD8EqE_250_000-260_000.wav,Does this audio indicate the presence of speech?,yes
w4enmhllLkQ.wav,Does this audio indicate the presence of speech?,no
wbb-NCY-z2U_20_000-30_000.wav,Does this audio indicate the presence of gasp?,yes
wEIr3uj5QdE_0_000-10_000.wav,Does this audio indicate the presence of speech?,yes
WEsjq-QING4_10_000-20_000.wav,Does this audio indicate the presence of sniffle?,no
WkaNCu_1l68_12_000-22_000.wav,Does this audio indicate the presence of sniffle?,no
wL4MvSEl2CU_0_000-10_000.wav,Does this audio indicate the presence of speech?,yes
WMbKzJgLIXI_10_000-20_000.wav,Does this audio indicate the presence of silence?,yes
wqE1xKIehEA_0_000-10_000.wav,Does this audio indicate the presence of cough?,yes
Wqvuk_-8l9c_0_000-10_000.wav,Does this audio indicate the presence of cough?,yes
wU1xLUAWAyA.wav,Does this audio indicate the presence of speech?,no
wuvn-vp5InE.wav,Does this audio indicate the presence of sneeze?,no
wxIEZMiWlOI_160_000-170_000.wav,Does this audio indicate the presence of sneeze?,yes
wXLbBWxImPI_160_000-170_000.wav,Does this audio indicate the presence of sniffle?,no
wY4PvQrZfkk_200_000-210_000.wav,Does this audio indicate the presence of speech?,no
x-kSh9auPqU_40_000-50_000.wav,Does this audio indicate the presence of silence?,yes
x-LNxIXZOVc_80_000-90_000.wav,Does this audio indicate the presence of speech?,yes
X0kpF1at8lM_0_000-10_000.wav,Does this audio indicate the presence of cough?,no
x1UWoxvZ1T8_90_000-100_000.wav,Does this audio indicate the presence of speech?,no
x2ZyKE89nzw_0_000-10_000.wav,Does this audio indicate the presence of sneeze?,no
X350MvrZ7BU_40_000-50_000.wav,Does this audio indicate the presence of speech?,yes
x4dZyf9Gbj0_130_000-140_000.wav,Does this audio indicate the presence of sniffle?,no
X5kiB95lXWA_40_000-50_000.wav,Does this audio indicate the presence of speech?,yes
X5lhQ_ZfzWs_40_000-50_000.wav,Does this audio indicate the presence of cough?,yes
X8yUSV4oqoU.wav,Does this audio indicate the presence of cough?,yes
xb2q8ekh4ZY_0_000-10_000.wav,Does this audio indicate the presence of silence?,yes
xbiGo2Ie3kk_40_000-50_000.wav,Does this audio indicate the presence of throat-clearing?,no
xCRumdDLFj0_90_000-100_000.wav,Does this audio indicate the presence of cough?,No
XCYPLkfe86E_430_000-440_000.wav,Does this audio indicate the presence of throat-clearing?,no
xDJpXrEQAMs_20_000-30_000.wav,Does this audio indicate the presence of speech?,no
xEFzYTPoBzw_110_000-120_000.wav,Does this audio indicate the presence of cough?,no
xet-7mNQ_Nc_20_000-30_000.wav,Does this audio indicate the presence of sneeze?,yes
XHRtByiYCb4_30_000-40_000.wav,Does this audio indicate the presence of speech?,yes
XHUDP7gVBes_20_000-30_000.wav,Does this audio indicate the presence of cough?,yes
XiFQrZJ0QK4_30_000-40_000.wav,Does this audio indicate the presence of cough?,yes
XJ0AWvDcnLM_50_000-60_000.wav,Does this audio indicate the presence of speech?,no
XjnWLp_SwGI_40_000-50_000.wav,Does this audio indicate the presence of throat-clearing?,no
xk57B6zi6hA_130_000-140_000.wav,Does this audio indicate the presence of sniffle?,no
XkvEg4aBdWs_120_000-130_000.wav,Does this audio indicate the presence of sniffle?,yes
xlcrW0pMrVo_210_000-220_000.wav,Does this audio indicate the presence of silence?,yes
xMz3lrehAUM_140_000-150_000.wav,Does this audio indicate the presence of silence?,yes
xoGXe-eT_Sw_110_000-120_000.wav,Does this audio indicate the presence of throat-clearing?,no
xp-tW5uzXaA_30_000-40_000.wav,Does this audio indicate the presence of sneeze?,no
xQTIokRwwI0_230_000-240_000.wav,Does this audio indicate the presence of sneeze?,yes
xuTMAOlsAm0_30_000-40_000.wav,Does this audio indicate the presence of speech?,no
XU_dxNFXH7U_10_000-20_000.wav,Does this audio indicate the presence of cough?,No
XVPapoUWaFY_80_000-90_000.wav,Does this audio indicate the presence of sneeze?,yes
xWmBXnK7Al8_0_000-10_000.wav,Does this audio indicate the presence of cough?,yes
XwxUttSEoQ8_20_000-30_000.wav,Does this audio indicate the presence of silence?,yes
XxhVVWDSD-M_230_000-240_000.wav,Does this audio indicate the presence of gasp?,yes
XXkHSDZGtrc_80_000-90_000.wav,Does this audio indicate the presence of sneeze?,no
XyIAPpcvVro_0_000-10_000.wav,Does this audio indicate the presence of silence?,yes
Xyl6dt-6Wqs_30_000-40_000.wav,Does this audio indicate the presence of sniffle?,no
XYyORaBHgUI_10_000-20_000.wav,Does this audio indicate the presence of speech?,no
XZ6taeWWp0Y_100_000-110_000.wav,Does this audio indicate the presence of sniffle?,yes
XzWMH9fnTtc_30_000-40_000.wav,Does this audio indicate the presence of sniffle?,no
X_TtgHWm-qI_110_000-120_000.wav,Does this audio indicate the presence of cough?,no
y1btqvriB6Y_60_000-70_000.wav,Does this audio indicate the presence of cough?,no
y4tPJXBKDig_20_000-30_000.wav,Does this audio indicate the presence of throat-clearing?,no
y56_hztOMxo_70_000-80_000.wav,Does this audio indicate the presence of sniffle?,no
Y5HW9iA0Ync_30_000-40_000.wav,Does this audio indicate the presence of speech?,yes
y5KNUJnMt1I_10_000-20_000.wav,Does this audio indicate the presence of cough?,yes
y5q8M5iRS4A.wav,Does this audio indicate the presence of cough?,yes
y9_9tveI1OY_100_000-110_000.wav,Does this audio indicate the presence of speech?,no
yA0i1MlSG0Q_100_000-110_000.wav,Does this audio indicate the presence of speech?,yes
YAG24SALwsk_0_000-10_000.wav,Does this audio indicate the presence of cough?,no
YaU8IWRqJvM_110_000-120_000.wav,Does this audio indicate the presence of cough?,yes
YCVf2oNNNjU_30_000-40_000.wav,Does this audio indicate the presence of silence?,yes
yDhzvorXu9s_320_000-330_000.wav,Does this audio indicate the presence of speech?,yes
YEDUJ30wknQ_20_000-30_000.wav,Does this audio indicate the presence of throat-clearing?,no
yfmuSGY5EQs_200_000-210_000.wav,Does this audio indicate the presence of throat-clearing?,no
YGqPTHy_JF4_10_000-20_000.wav,Does this audio indicate the presence of speech?,yes
yIx3ml9_nsQ_60_000-70_000.wav,Does this audio indicate the presence of throat-clearing?,no
yLGcTSCePzI_0_000-7_000.wav,Does this audio indicate the presence of throat-clearing?,no
YLJM3qB9FMY_30_000-40_000.wav,Does this audio indicate the presence of sneeze?,yes
yMNs4gCJn1c.wav,Does this audio indicate the presence of throat-clearing?,no
YNF6ORjLqEo_0_000-10_000.wav,Does this audio indicate the presence of throat-clearing?,no
yoNzg8rWm7k_0_000-10_000.wav,Does this audio indicate the presence of speech?,no
Yp8IBDtKWeM_80_000-90_000.wav,Does this audio indicate the presence of speech?,yes
yP9hrvAOH0o_10_000-20_000.wav,Does this audio indicate the presence of speech?,yes
YPBX6hJ-m6I_0_000-10_000.wav,Does this audio indicate the presence of sniffle?,no
ys77k1s9eX0_280_000-290_000.wav,Does this audio indicate the presence of throat-clearing?,no
YsUCzO0gfro.wav,Does this audio indicate the presence of speech?,yes
YTP7YMaEm1s.wav,Does this audio indicate the presence of sniffle?,no
yU600z8BpSE_180_000-190_000.wav,Does this audio indicate the presence of sneeze?,yes
yWDfOpwPcwE_10_000-20_000.wav,Does this audio indicate the presence of throat-clearing?,no
ywnZwe85Nfc_120_000-130_000.wav,Does this audio indicate the presence of cough?,no
yXdyYoCnakc_10_000-20_000.wav,Does this audio indicate the presence of cough?,no
yxnA4AEcqfs_290_000-300_000.wav,Does this audio indicate the presence of sneeze?,yes
Y_GP5irz4YA_130_000-140_000.wav,Does this audio indicate the presence of cough?,yes
Z-ONjtd4DJk_10_000-20_000.wav,Does this audio indicate the presence of speech?,yes
Z1b2ndKzxeo_20_000-30_000.wav,Does this audio indicate the presence of speech?,no
Z3HPqXWn4NU_210_000-220_000.wav,Does this audio indicate the presence of throat-clearing?,no
Z3jNWaspEZ8_20_000-30_000.wav,Does this audio indicate the presence of throat-clearing?,no
Z459PzdNuCU_40_000-50_000.wav,Does this audio indicate the presence of cough?,no
Z4xDb1jWF1M_350_000-360_000.wav,Does this audio indicate the presence of sniffle?,no
z7GzHi6OnDk_50_000-60_000.wav,Does this audio indicate the presence of sniffle?,no
Z9_aOtHejIE_140_000-150_000.wav,Does this audio indicate the presence of cough?,yes
ZAeVWh4SnoI_30_000-40_000.wav,Does this audio indicate the presence of cough?,yes
Zauk9exag90_30_000-40_000.wav,Does this audio indicate the presence of sniffle?,no
ZBzNxwQk9XE.wav,Does this audio indicate the presence of cough?,yes
zcqAYD8Ofgo_330_000-340_000.wav,Does this audio indicate the presence of speech?,yes
ZfcfcHBkui0_30_000-40_000.wav,Does this audio indicate the presence of cough?,yes
ZfGHwS5ZcqY_0_000-10_000.wav,Does this audio indicate the presence of sniffle?,no
ZgDlsF-8zYs_50_000-60_000.wav,Does this audio indicate the presence of sneeze?,yes
ZhxILYf0TZ4_0_000-5_000.wav,Does this audio indicate the presence of sniffle?,no
ZK0nR3j1pAY.wav,Does this audio indicate the presence of speech?,no
ZkH1Gg5DLMU_20_000-30_000.wav,Does this audio indicate the presence of cough?,no
ZkKO6zUedsM_30_000-40_000.wav,Does this audio indicate the presence of throat-clearing?,no
ZOFhz7Mu4pk_90_000-100_000.wav,Does this audio indicate the presence of sniffle?,no
zOgSrN9r-_o_0_000-10_000.wav,Does this audio indicate the presence of cough?,yes
zOSOx8l96nA_170_000-180_000.wav,Does this audio indicate the presence of cough?,no
ZoVIs72ONRA_70_000-80_000.wav,Does this audio indicate the presence of cough?,yes
ZPiDsDdGdrM_20_000-30_000.wav,Does this audio indicate the presence of silence?,yes
Zqpi1BmYz7A_50_000-60_000.wav,Does this audio indicate the presence of cough?,yes
ZRLGnemIuM4_220_000-230_000.wav,Does this audio indicate the presence of cough?,yes
zShAHG-PyCI_20_000-30_000.wav,Does this audio indicate the presence of cough?,no
zsOadrVY3gs_30_000-40_000.wav,Does this audio indicate the presence of speech?,yes
ztLsasPbIPk_0_000-10_000.wav,Does this audio indicate the presence of speech?,no
zT_o5ERSytk_70_000-80_000.wav,Does this audio indicate the presence of speech?,yes
ZvKn6e1AZCU.wav,Does this audio indicate the presence of cough?,yes
ZwFAmIkk5pA_230_000-240_000.wav,Does this audio indicate the presence of speech?,yes
zWOD_bnFjF8.wav,Does this audio indicate the presence of cough?,yes
ZWpEbIXZS_Q_40_000-50_000.wav,Does this audio indicate the presence of cough?,yes
ZzIjzMM1tJI_10_000-20_000.wav,Does this audio indicate the presence of sniffle?,no
ZZSLqK9Z_KY_170_000-180_000.wav,Does this audio indicate the presence of sneeze?,yes
ZzTL9vtJmQI_110_000-120_000.wav,Does this audio indicate the presence of speech?,no
Z_AKpY3q8M0_30_000-40_000.wav,Does this audio indicate the presence of cough?,no
Z_mqWXwfUzM_0_000-10_000.wav,Does this audio indicate the presence of sneeze?,yes
